{"cameraMode":{"drawMode":0,"name":"Shaded","section":"Shading Mode"},"sceneLighting":true,"audioPlay":false,"sceneViewState":{"m_AlwaysRefresh":false,"showFog":true,"showSkybox":true,"showFlares":true,"showImageEffects":true,"showParticleSystems":true,"showVisualEffectGraphs":true,"m_FxEnabled":true},"in2DMode":false,"pivot":{"x":-4.440000534057617,"y":2.190000295639038,"z":0.8899998664855957},"rotation":{"x":0.07970993220806122,"y":0.011961117386817932,"z":-0.0009544348577037454,"w":0.9967514872550964},"size":12.12435531616211,"orthographic":true}